{
  "interactionModel": {
    "languageModel": {
      "invocationName": "perfect fit",
      "intents": [
        {
          "name": "AMAZON.CancelIntent",
          "samples": []
        },
        {
          "name": "AMAZON.HelpIntent",
          "samples": []
        },
        {
          "name": "AMAZON.StopIntent",
          "samples": []
        },
        {
          "name": "HelloWorldIntent",
          "slots": [],
          "samples": [
            "hello",
            "how are you",
            "say hi world",
            "say hi",
            "hi",
            "say hello world",
            "say hello"
          ]
        },
        {
          "name": "AMAZON.NavigateHomeIntent",
          "samples": []
        },
        {
          "name": "AMAZON.FallbackIntent",
          "samples": []
        },
        {
          "name": "provideRunnerExperience",
          "slots": [
            {
              "name": "size",
              "type": "size"
            },
            {
              "name": "gender",
              "type": "gender"
            },
            {
              "name": "frequency",
              "type": "frequency"
            },
            {
              "name": "pronation",
              "type": "pronation"
            }
          ],
          "samples": [
            "i {pronation} and run {frequency}",
            "i wear {size} shoes and have {pronation}",
            "i {pronation}",
            "i\u0027m a {frequency} runner and looking for {gender}",
            "i run {frequency}",
            "i\u0027m looking for {gender} in {size}",
            "i wear {size} shoes"
          ]
        },
        {
          "name": "faq",
          "slots": [
            {
              "name": "query",
              "type": "AMAZON.SearchQuery",
              "samples": [
                "can i call someone",
                "do you do same day delivery"
              ]
            }
          ],
          "samples": [
            "question",
            "a question",
            "i want to ask a question",
            "can i {query}",
            "i want to know {query}"
          ]
        }
      ],
      "types": [
        {
          "values": [
            {
              "name": {
                "value": "rarely",
                "synonyms": [
                  "casual"
                ]
              }
            },
            {
              "name": {
                "value": "monthly",
                "synonyms": [
                  "once a monthly",
                  "every month",
                  "each month"
                ]
              }
            },
            {
              "name": {
                "value": "weekly",
                "synonyms": [
                  "once a week",
                  "every week",
                  "each week"
                ]
              }
            },
            {
              "name": {
                "value": "daily",
                "synonyms": [
                  "once a day",
                  "every day",
                  "each day"
                ]
              }
            }
          ],
          "name": "frequency"
        },
        {
          "values": [
            {
              "name": {
                "value": "male",
                "synonyms": [
                  "mens",
                  "men\u0027s shoes"
                ]
              }
            },
            {
              "name": {
                "value": "female",
                "synonyms": [
                  "womens",
                  "women\u0027s shoes"
                ]
              }
            }
          ],
          "name": "gender"
        },
        {
          "values": [
            {
              "name": {
                "value": "size 11"
              }
            },
            {
              "name": {
                "value": "size 10"
              }
            },
            {
              "name": {
                "value": "size 9"
              }
            },
            {
              "name": {
                "value": "size 8"
              }
            },
            {
              "name": {
                "value": "size 7"
              }
            },
            {
              "name": {
                "value": "size 6"
              }
            },
            {
              "name": {
                "value": "size 5"
              }
            },
            {
              "name": {
                "value": "size 4"
              }
            }
          ],
          "name": "size"
        },
        {
          "values": [
            {
              "name": {
                "value": "neutral"
              }
            },
            {
              "name": {
                "value": "under",
                "synonyms": [
                  "under pronation",
                  "underpronate",
                  "under pronate"
                ]
              }
            },
            {
              "name": {
                "value": "over",
                "synonyms": [
                  "over pronation",
                  "overpronate",
                  "over pronate"
                ]
              }
            }
          ],
          "name": "pronation"
        }
      ]
    },
    "dialog": {
      "intents": [
        {
          "name": "faq",
          "confirmationRequired": false,
          "prompts": {},
          "slots": [
            {
              "name": "query",
              "type": "AMAZON.SearchQuery",
              "elicitationRequired": true,
              "confirmationRequired": false,
              "prompts": {
                "elicitation": "Elicit.Slot.996657113653.1376919899561"
              }
            }
          ],
          "delegationStrategy": "ALWAYS"
        }
      ],
      "delegationStrategy": "ALWAYS"
    },
    "prompts": [
      {
        "id": "Elicit.Slot.996657113653.1376919899561",
        "variations": [
          {
            "type": "PlainText",
            "value": "What would you like to ask?"
          }
        ]
      }
    ]
  },
  "version": "7"
}
